Variable,Coeficiente,Importancia
num__tenure,-1.29762760740271,1.29762760740271
cat__Contract_Two year,-0.7282907843799291,0.7282907843799291
num__TotalCharges,0.6168916514492196,0.6168916514492196
cat__Contract_Month-to-month,0.5906489733089827,0.5906489733089827
cat__InternetService_DSL,-0.5268515018629382,0.5268515018629382
cat__InternetService_Fiber optic,0.5047288643949769,0.5047288643949769
num__MonthlyCharges,-0.42091245806016847,0.42091245806016847
cat__PaperlessBilling_No,-0.34663501193513097,0.34663501193513097
cat__Dependents_Yes,-0.2741349181510282,0.2741349181510282
cat__StreamingMovies_No internet service,-0.2608766515719757,0.2608766515719757
cat__StreamingTV_No internet service,-0.2608766515719757,0.2608766515719757
cat__TechSupport_No internet service,-0.2608766515719757,0.2608766515719757
cat__DeviceProtection_No internet service,-0.2608766515719757,0.2608766515719757
cat__OnlineSecurity_No internet service,-0.2608766515719757,0.2608766515719757
cat__InternetService_No,-0.2608766515719757,0.2608766515719757
cat__OnlineBackup_No internet service,-0.2608766515719757,0.2608766515719757
cat__MultipleLines_No,-0.2570003662142746,0.2570003662142746
cat__PaymentMethod_Credit card (automatic),-0.21595914234722802,0.21595914234722802
cat__SeniorCitizen_0,-0.21235118690866345,0.21235118690866345
cat__StreamingMovies_No,-0.20785236112291383,0.20785236112291383
cat__PaymentMethod_Electronic check,0.19796770666410723,0.19796770666410723
cat__OnlineSecurity_Yes,-0.19127192900144546,0.19127192900144546
cat__StreamingMovies_Yes,0.18572972365493737,0.18572972365493737
cat__PaymentMethod_Bank transfer (automatic),-0.1817239003185581,0.1817239003185581
cat__OnlineSecurity_No,0.1691492915334773,0.1691492915334773
cat__TechSupport_Yes,-0.1640268189851047,0.1640268189851047
cat__PhoneService_Yes,-0.16356544906886814,0.16356544906886814
cat__StreamingTV_No,-0.1616160641704015,0.1616160641704015
cat__gender_Female,-0.15489438360126984,0.15489438360126984
cat__Contract_One year,-0.14535747796900492,0.14535747796900492
cat__Partner_Yes,-0.14427367681361247,0.14427367681361247
cat__TechSupport_No,0.14190418151713266,0.14190418151713266
cat__StreamingTV_Yes,0.13949342670240955,0.13949342670240955
cat__Partner_No,-0.138725612226346,0.138725612226346
cat__gender_Male,-0.1281049054386803,0.1281049054386803
cat__MultipleLines_No phone service,-0.1194338399710897,0.1194338399710897
cat__PhoneService_No,-0.1194338399710897,0.1194338399710897
cat__MultipleLines_Yes,0.09343491714541019,0.09343491714541019
cat__PaymentMethod_Mailed check,-0.08328395303828416,0.08328395303828416
cat__OnlineBackup_Yes,-0.07337933507017652,0.07337933507017652
cat__SeniorCitizen_1,-0.07064810213129441,0.07064810213129441
cat__PaperlessBilling_Yes,0.06363572289516296,0.06363572289516296
cat__OnlineBackup_No,0.05125669760219189,0.05125669760219189
cat__DeviceProtection_No,-0.01380591812683023,0.01380591812683023
cat__Dependents_No,-0.0088643708889127,0.0088643708889127
cat__DeviceProtection_Yes,-0.008316719341143206,0.008316719341143206
